source_date,agency,metric,value,unit,notes,official_source
2025-03-31,BEST,Total routes,427,routes,Official BEST/BMC transport statistics as of 31-03-2025,https://www.mcgm.gov.in/irj/go/km/docs/documents/HomePage%20Data/Whats%20New/English%20Year%20Book%202025%20Portal.pdf
2025-03-31,BEST,Routes in Mumbai,387,routes,Official BEST/BMC transport statistics,https://www.mcgm.gov.in/irj/go/km/docs/documents/HomePage%20Data/Whats%20New/English%20Year%20Book%202025%20Portal.pdf
2025-03-31,BEST,Routes Mumbai-Navi Mumbai,18,routes,Official BEST/BMC transport statistics,https://www.mcgm.gov.in/irj/go/km/docs/documents/HomePage%20Data/Whats%20New/English%20Year%20Book%202025%20Portal.pdf
2025-03-31,BEST,Routes Mumbai-Mira-Bhayander,13,routes,Official BEST/BMC transport statistics,https://www.mcgm.gov.in/irj/go/km/docs/documents/HomePage%20Data/Whats%20New/English%20Year%20Book%202025%20Portal.pdf
2025-03-31,BEST,Routes Mumbai-Thane,9,routes,Official BEST/BMC transport statistics,https://www.mcgm.gov.in/irj/go/km/docs/documents/HomePage%20Data/Whats%20New/English%20Year%20Book%202025%20Portal.pdf
2025-03-31,BEST,Ordinary routes,177,routes,Official BEST/BMC transport statistics,https://www.mcgm.gov.in/irj/go/km/docs/documents/HomePage%20Data%20Whats%20New/English%20Year%20Book%202025%20Portal.pdf
2025-03-31,BEST,Limited routes,42,routes,Official BEST/BMC transport statistics,https://www.mcgm.gov.in/irj/go/km/docs/documents/HomePage%20Data%20Whats%20New/English%20Year%20Book%202025%20Portal.pdf
2025-03-31,BEST,Corridor routes,17,routes,Official BEST/BMC transport statistics,https://www.mcgm.gov.in/irj/go/km/docs/documents/HomePage%20Data/Whats%20New/English%20Year%20Book%202025%20Portal.pdf
2025-03-31,BEST,Air-conditioned routes,191,routes,Official BEST/BMC transport statistics,https://www.mcgm.gov.in/irj/go/km/docs/documents/HomePage%20Data/Whats%20New/English%20Year%20Book%202025%20Portal.pdf
